Date,Closing Price,MonthlyGainOrLoss
1-Jan-17,"2,275.32",0.012770238
1-Dec-16,"2,246.63",0.037709181
1-Nov-16,"2,164.99",0.010251888
1-Oct-16,"2,143.02",-0.006798938
1-Sep-16,"2,157.69",-0.006107925
1-Aug-16,"2,170.95",0.010261064
1-Jul-16,"2,148.90",0.031196464
1-Jun-16,"2,083.89",0.008878991
1-May-16,"2,065.55",-0.004813205
1-Apr-16,"2,075.54",0.026504117
1-Mar-16,"2,021.95",0.061714328
1-Feb-16,"1,904.42",-0.007390806
1-Jan-16,"1,918.60",-0.065956535
1-Dec-15,"2,054.08",-0.012755813
1-Nov-15,"2,080.62",0.02756308
1-Oct-15,"2,024.81",0.041349304
1-Sep-15,"1,944.41",-0.0467971
1-Aug-15,"2,039.87",-0.025915173
1-Jul-15,"2,094.14",-0.00245321
1-Jun-15,"2,099.29",-0.005989753
1-May-15,"2,111.94",0.008153289
1-Apr-15,"2,094.86",0.007149073
1-Mar-15,"2,079.99",-0.001061377
1-Feb-15,"2,082.20",0.026634717
1-Jan-15,"2,028.18",-0.012700375
1-Dec-14,"2,054.27",0.004744274
1-Nov-14,"2,044.57",0.05538722
1-Oct-14,"1,937.27",-0.028075034
1-Sep-14,"1,993.23",0.016160854
1-Aug-14,"1,961.53",-0.005863869
1-Jul-14,"1,973.10",0.013358396
1-Jun-14,"1,947.09",0.030331733
1-May-14,"1,889.77",0.013683714
1-Apr-14,"1,864.26",0.000397098
1-Mar-14,"1,863.52",0.025580064
1-Feb-14,"1,817.04",-0.002919291
1-Jan-14,"1,822.36",0.008065141
1-Dec-13,"1,807.78",0.013590948
1-Nov-13,"1,783.54",0.036923775
1-Oct-13,"1,720.03",0.019476401
1-Sep-13,"1,687.17",0.010226994
1-Aug-13,"1,670.09",0.000844979
1-Jul-13,"1,668.68",0.030832051
1-Jun-13,"1,618.77",-0.012848815
1-May-13,"1,639.84",0.04401859
1-Apr-13,"1,570.70",0.012812494
1-Mar-13,"1,550.83",0.025470968
1-Feb-13,"1,512.31",0.021554985
1-Jan-13,"1,480.40",0.040856647
1-Dec-12,"1,422.29",0.019920976
1-Nov-12,"1,394.51",-0.03012199
1-Oct-12,"1,437.82",-0.003879675
1-Sep-12,"1,443.42",0.028479818
1-Aug-12,"1,403.45",0.032115489
1-Jul-12,"1,359.78",0.027427691
1-Jun-12,"1,323.48",-0.013263549
1-May-12,"1,341.27",-0.032572867
1-Apr-12,"1,386.43",-0.002022689
1-Mar-12,"1,389.24",0.027172105
1-Feb-12,"1,352.49",0.039912962
1-Jan-12,"1,300.58",0.046054113
1-Dec-11,"1,243.32",0.013779945
1-Nov-11,"1,226.42",0.015904309
1-Oct-11,"1,207.22",0.02840154
1-Sep-11,"1,173.88",-0.009643047
1-Aug-11,"1,185.31",-0.105554675
1-Jul-11,"1,325.19",0.029441695
1-Jun-11,"1,287.29",-0.038122707
1-May-11,"1,338.31",0.005106984
1-Apr-11,"1,331.51",0.020713076
1-Mar-11,"1,304.49",-0.012587804
1-Feb-11,"1,321.12",0.030016685
1-Jan-11,"1,282.62",0.03309626
1-Dec-10,"1,241.53",0.035566232
1-Nov-10,"1,198.89",0.023310401
1-Oct-10,"1,171.58",0.044114502
1-Sep-10,"1,122.08",0.032006475
1-Aug-10,"1,087.28",0.006927209
1-Jul-10,"1,079.80",-0.003286073
1-Jun-10,"1,083.36",-0.03706469
1-May-10,"1,125.06",-0.060351452
1-Apr-10,"1,197.32",0.039295169
1-Mar-10,"1,152.05",0.057741746
1-Feb-10,"1,089.16",-0.030634223
1-Jan-10,"1,123.58",0.011887822
1-Dec-09,"1,110.38",0.020504196
1-Nov-09,"1,088.07",0.019116573
1-Oct-09,"1,067.66",0.02212436
1-Sep-09,"1,044.55",0.034484466
1-Aug-09,"1,009.73",0.078978863
1-Jul-09,935.82,0.010473805
1-Jun-09,926.12,0.026274088
1-May-09,902.41,0.063974533
1-Apr-09,848.15,0.120217136
1-Mar-09,757.13,-0.059734486
1-Feb-09,805.23,-0.069722036
1-Jan-09,865.58,-0.013651488
1-Dec-08,877.56,-0.006205834
1-Nov-08,883.04,-0.088521883
1-Oct-08,968.8,-0.203911418
1-Sep-08,"1,216.95",-0.050348428
1-Aug-08,"1,281.47",0.019199415
1-Jul-08,"1,257.33",-0.0625685
1-Jun-08,"1,341.25",-0.044162711
1-May-08,"1,403.22",0.023896911
1-Apr-08,"1,370.47",0.040647258
1-Mar-08,"1,316.94",-0.027995306
1-Feb-08,"1,354.87",-0.017327164
1-Jan-08,"1,378.76",-0.067914171
1-Dec-07,"1,479.22",0.010817349
1-Nov-07,"1,463.39",-0.049536911
1-Oct-07,"1,539.66",0.028414556
1-Sep-07,"1,497.12",0.029217253
1-Aug-07,"1,454.62",-0.043459963
1-Jul-07,"1,520.71",0.004305933
1-Jun-07,"1,514.19",0.002018344
1-May-07,"1,511.14",0.032453336
1-Apr-07,"1,463.64",0.040292832
1-Mar-07,"1,406.95",-0.026197398
1-Feb-07,"1,444.80",0.014492754
1-Jan-07,"1,424.16",0.005464481
1-Dec-06,"1,416.42",0.020005185
1-Nov-06,"1,388.64",0.018527483
1-Oct-06,"1,363.38",0.034635057
1-Sep-06,"1,317.74",0.023765684
1-Aug-06,"1,287.15",0.021353076
1-Jul-06,"1,260.24",0.005641693
1-Jun-06,"1,253.17",-0.028557918
1-May-06,"1,290.01",-0.009338258
1-Apr-06,"1,302.17",0.006515992
1-Mar-06,"1,293.74",0.013386598
1-Feb-06,"1,276.65",-0.001626614
1-Jan-06,"1,278.73",0.013200536
1-Dec-05,"1,262.07",0.019961693
1-Nov-05,"1,237.37",0.038096916
1-Oct-05,"1,191.96",-0.027701644
1-Sep-05,"1,225.92",0.001347742
1-Aug-05,"1,224.27",0.001660885
1-Jul-05,"1,222.24",0.016627157
1-Jun-05,"1,202.25",0.020343212
1-May-05,"1,178.28",0.011894232
1-Apr-05,"1,164.43",-0.025500042
1-Mar-05,"1,194.90",-0.003942882
1-Feb-05,"1,199.63",0.01542225
1-Jan-05,"1,181.41",-0.014843105
1-Dec-04,"1,199.21",0.025895256
1-Nov-04,"1,168.94",0.046302844
1-Oct-04,"1,117.21",-0.000402627
1-Sep-04,"1,117.66",0.026374272
1-Aug-04,"1,088.94",-0.015291405
1-Jul-04,"1,105.85",-0.023756135
1-Jun-04,"1,132.76",0.027185839
1-May-04,"1,102.78",-0.026981718
1-Apr-04,"1,133.36",0.008345344
1-Mar-04,"1,123.98",-0.016950042
1-Feb-04,"1,143.36",0.009571575
1-Jan-04,"1,132.52",0.048008588
1-Dec-03,"1,080.64",0.029278979
1-Nov-03,"1,049.90",0.010753516
1-Oct-03,"1,038.73",0.018922153
1-Sep-03,"1,019.44",0.030226471
1-Aug-03,989.53,-0.003032623
1-Jul-03,992.54,0.004595142
1-Jun-03,988,0.055600667
1-May-03,935.96,0.051605002
1-Apr-03,890.03,0.051262063
1-Mar-03,846.63,0.011469123
1-Feb-03,837.03,-0.065647884
1-Jan-03,895.84,-0.003714495
1-Dec-02,899.18,-0.011814096
1-Nov-02,909.93,0.064706364
1-Oct-02,854.63,-0.015187656
1-Sep-02,867.81,-0.049027451
1-Aug-02,912.55,0.009916002
1-Jul-02,903.59,-0.108903177
1-Jun-02,"1,014.02",-0.06044012
1-May-02,"1,079.25",-0.029390339
1-Apr-02,"1,111.93",-0.036280432
1-Mar-02,"1,153.79",0.048261513
1-Feb-02,"1,100.67",-0.034677823
1-Jan-02,"1,140.21",-0.004122523
1-Dec-01,"1,144.93",0.013499398
1-Nov-01,"1,129.68",0.049313109
1-Oct-01,"1,076.59",0.030584699
1-Sep-01,"1,044.64",-0.113585066
1-Aug-01,"1,178.50",-0.021545104
1-Jul-01,"1,204.45",-0.027657805
1-Jun-01,"1,238.71",-0.024921873
1-May-01,"1,270.37",0.067681369
1-Apr-01,"1,189.84",0.003364675
1-Mar-01,"1,185.85",-0.091824622
1-Feb-01,"1,305.75",-0.022371465
1-Jan-01,"1,335.63",0.003531365
1-Dec-00,"1,330.93",-0.034186236
1-Nov-00,"1,378.04",-0.008704159
1-Oct-00,"1,390.14",-0.0530704
1-Sep-00,"1,468.05",-0.011720275
1-Aug-00,"1,485.46",0.008458927
1-Jul-00,"1,473.00",0.007551506
1-Jun-00,"1,461.96",0.030652529
1-May-00,"1,418.48",-0.02934253
1-Apr-00,"1,461.36",0.013278233
1-Mar-00,"1,442.21",0.038405322
1-Feb-00,"1,388.87",-0.025757756
1-Jan-00,"1,425.59",-0.002162836
1-Dec-99,"1,428.68",0.027088426
1-Nov-99,"1,391.00",0.069991769
1-Oct-99,"1,300.01",-0.013776675
1-Sep-99,"1,318.17",-0.007020769
1-Aug-99,"1,327.49",-0.038740324
1-Jul-99,"1,380.99",0.044187365
1-Jun-99,"1,322.55",-0.007146772
1-May-99,"1,332.07",-0.002015344
1-Apr-99,"1,334.76",0.041430645
1-Mar-99,"1,281.66",0.028140994
1-Feb-99,"1,246.58",-0.001753726
1-Jan-99,"1,248.77",0.049342465
1-Dec-98,"1,190.05",0.039862639
1-Nov-98,"1,144.43",0.108438986
1-Oct-98,"1,032.47",0.011590767
1-Sep-98,"1,020.64",-0.05023171
1-Aug-98,"1,074.62",-0.070864099
1-Jul-98,"1,156.58",0.043477476
1-Jun-98,"1,108.39",-2.70656E-05
1-May-98,"1,108.42",-0.003398669
1-Apr-98,"1,112.20",0.03284641
1-Mar-98,"1,076.83",0.05185887
1-Feb-98,"1,023.74",0.062676466
1-Jan-98,963.36,0.00102871
1-Dec-97,962.37,0.024975504
1-Nov-97,938.92,-0.012868497
1-Oct-97,951.16,0.015090393
1-Sep-97,937.02,0.010547431
1-Aug-97,927.24,0.002107447
1-Jul-97,925.29,0.055917562
1-Jun-97,876.29,0.051855142
1-May-97,833.09,0.090531855
1-Apr-97,763.93,-0.03563674
1-Mar-97,792.16,-0.007803204
1-Feb-97,798.39,0.041985331
1-Jan-97,766.22,0.03090481
1-Dec-96,743.25,0.010303533
1-Nov-96,735.67,0.048769709
1-Oct-96,701.46,0.03938478
1-Sep-96,674.88,0.018410092
1-Aug-96,662.68,0.028894375
1-Jul-96,644.07,-0.036544503
1-Jun-96,668.5,0.010994661
1-May-96,661.23,0.021725358
1-Apr-96,647.17,0.000154543
1-Mar-96,647.07,-0.003802691
1-Feb-96,649.54,0.057159598
1-Jan-96,614.42,-0.000244073
1-Dec-95,614.57,0.031971521
1-Nov-95,595.53,0.021632471
1-Oct-95,582.92,0.007170379
1-Sep-95,578.77,0.035163027
1-Aug-95,559.11,0.003121804
1-Jul-95,557.37,0.033410587
1-Jun-95,539.35,0.029667246
1-May-95,523.81,0.031304759
1-Apr-95,507.91,0.029930042
1-Mar-95,493.15,0.023302623
1-Feb-95,481.92,0.035830199
1-Jan-95,465.25,0.022100661
1-Dec-94,455.19,-0.012624455
1-Nov-94,461.01,-0.006036955
1-Oct-94,463.81,-0.00674576
1-Sep-94,466.96,0.005859038
1-Aug-94,464.24,0.028444838
1-Jul-94,451.4,-0.007541279
1-Jun-94,454.83,0.008715902
1-May-94,450.9,0.008206068
1-Apr-94,447.23,-0.035747397
1-Mar-94,463.81,-0.016476526
1-Feb-94,471.58,-0.002981036
1-Jan-94,472.99,0.015108917
1-Dec-93,465.95,0.006610642
1-Nov-93,462.89,-0.002177193
1-Oct-93,463.9,0.0101472
1-Sep-93,459.24,0.011252285
1-Aug-93,454.13,0.015292092
1-Jul-93,447.29,-0.00171852
1-Jun-93,448.06,0.006311061
1-May-93,445.25,0.004897535
1-Apr-93,443.08,-0.015727741
1-Mar-93,450.16,0.019153271
1-Feb-93,441.7,0.014865703
1-Jan-93,435.23,-0.000941144
1-Dec-92,435.64,0.030271497
1-Nov-92,422.84,0.025066667
1-Oct-92,412.5,-0.014289811
1-Sep-92,418.48,0.00131601
1-Aug-92,417.93,0.006938923
1-Jul-92,415.05,0.016606657
1-Jun-92,408.27,-0.015766254
1-May-92,414.81,0.018163521
1-Apr-92,407.41,0.000122742
1-Mar-92,407.36,-0.012604227
1-Feb-92,412.56,-0.008459912
1-Jan-92,416.08,0.070963424
1-Dec-91,388.51,0.006711235
1-Nov-91,385.92,-0.00248139
1-Oct-91,386.88,-0.000826446
1-Sep-91,387.2,-0.005649718
1-Aug-91,389.4,0.024116982
1-Jul-91,380.23,0.005128341
1-Jun-91,378.29,0.000793672
1-May-91,377.99,-0.004451117
1-Apr-91,379.68,0.019877512
1-Mar-91,372.28,0.027659692
1-Feb-91,362.26,0.11296814
1-Jan-91,325.49,-0.00991635
1-Dec-90,328.75,0.042690856
1-Nov-90,315.29,0.02660198
1-Oct-90,307.12,-0.02628325
1-Sep-90,315.41,-0.046379441
1-Aug-90,330.75,-0.081326556
1-Jul-90,360.03,-0.000998918
1-Jun-90,360.39,0.028950749
1-May-90,350.25,0.035691052
1-Apr-90,338.18,-0.000827276
1-Mar-90,338.46,0.024239673
1-Feb-90,330.45,-0.028002471
1-Jan-90,339.97,-0.024756168
1-Dec-89,348.6,0.024691358
1-Nov-89,340.2,-0.020725389
1-Oct-89,347.4,0.000287936
1-Sep-89,347.3,0.002019619
1-Aug-89,346.6,0.044290449
1-Jul-89,331.9,0.025332098
1-Jun-89,323.7,0.031220134
1-May-89,313.9,0.038372478
1-Apr-89,302.3,0.032798087
1-Mar-89,292.7,-0.004421769
1-Feb-89,294,0.030133146
1-Jan-89,285.4,0.032188065
1-Dec-88,276.5,0.020295203
1-Nov-88,271,-0.023071377
1-Oct-88,277.4,0.035074627
1-Sep-88,268,0.016306409
1-Aug-88,263.7,-0.02006689
1-Jul-88,269.1,-0.005910602
1-Jun-88,270.7,0.057008981
1-May-88,256.1,-0.024752475
1-Apr-88,262.6,-0.011667294
1-Mar-88,265.7,0.029445951
1-Feb-88,258.1,0.030339321
1-Jan-88,250.5,0.039419087
1-Dec-87,241,-0.016326531
1-Nov-87,245,-0.125624554
1-Oct-87,280.2,-0.120803263
1-Sep-87,318.7,-0.032483303
1-Aug-87,329.4,0.062237988
1-Jul-87,310.1,0.028865295
1-Jun-87,301.4,0.042545832
1-May-87,289.1,-0.000691324
1-Apr-87,289.3,-0.010940171
1-Mar-87,292.5,0.041295835
1-Feb-87,280.9,0.062003781
1-Jan-87,264.5,0.063958166
1-Dec-86,248.6,0.014279886
1-Nov-86,245.1,0.032434709
1-Oct-86,237.4,-0.003776752
1-Sep-86,238.3,-0.027346939
1-Aug-86,245,0.019983347
1-Jul-86,240.2,-0.020790868
1-Jun-86,245.3,0.02851153
1-May-86,238.5,0.00210084
1-Apr-86,238,0.024537236
1-Mar-86,232.3,0.058796718
1-Feb-86,219.4,0.053794428
1-Jan-86,208.2,0.004341534
1-Dec-85,207.3,0.049620253
1-Nov-85,197.5,0.060687433
1-Oct-85,186.2,0.011406844
1-Sep-85,184.1,-0.022304833
1-Aug-85,188.3,-0.021818182
1-Jul-85,192.5,0.019057702
1-Jun-85,188.9,0.021633315
1-May-85,184.9,0.023809524
1-Apr-85,180.6,0.006688963
1-Mar-85,179.4,-0.008291874
1-Feb-85,180.9,0.054195804
1-Jan-85,171.6,0.043161094
1-Dec-84,164.5,-0.010823812
1-Nov-84,166.3,0.009101942
1-Oct-84,164.8,-0.00782661
1-Sep-84,166.1,0.010340633
1-Aug-84,164.4,0.088021178
1-Jul-84,151.1,-0.013063357
1-Jun-84,153.1,-0.022349936
1-May-84,156.6,-0.006345178
1-Apr-84,157.6,0.001270648
1-Mar-84,157.4,0.000635728
1-Feb-84,157.3,-0.0546875
1-Jan-84,166.4,0.01216545
1-Dec-83,164.4,-0.004842615
1-Nov-83,165.2,-0.014907573
1-Oct-83,167.7,0.002990431
1-Sep-83,167.2,0.02955665
1-Aug-83,162.4,-0.02754491
1-Jul-83,167,0.003605769
1-Jun-83,166.4,0.014015844
1-May-83,164.1,0.040583386
1-Apr-83,157.7,0.038183015
1-Mar-83,151.9,0.034741144
1-Feb-83,146.8,0.017325017
1-Jan-83,144.3,0.035150646
1-Dec-82,139.4,0.009413469
1-Nov-82,138.1,0.040693293
1-Oct-82,132.7,0.084150327
1-Sep-82,122.4,0.115770283
1-Aug-82,109.7,0.00274223
1-Jul-82,109.4,-0.002734731
1-Jun-82,109.7,-0.057560137
1-May-82,116.4,0.000859845
1-Apr-82,116.3,0.049638989
1-Mar-82,110.8,-0.03231441
1-Feb-82,114.5,-0.023870418
1-Jan-82,117.3,-0.052504039
1-Dec-81,123.8,0.007323027
1-Nov-81,122.9,0.025876461
1-Oct-81,119.8,0.012679628
1-Sep-81,118.3,-0.087191358
1-Aug-81,129.6,0.003872967
1-Jul-81,129.1,-0.024187453
1-Jun-81,132.3,0.004555809
1-May-81,131.7,-0.020089286
1-Apr-81,134.4,0.009009009
1-Mar-81,133.2,0.037383178
1-Feb-81,128.4,-0.034586466
1-Jan-81,133,-0.003745318
1-Dec-80,133.5,-0.016212233
1-Nov-80,135.7,0.042242704
1-Oct-80,130.2,0.029249012
1-Sep-80,126.5,0.024291498
1-Aug-80,123.5,0.030884808
1-Jul-80,119.8,0.045375218
1-Jun-80,114.6,0.064066852
1-May-80,107.7,0.045631068
1-Apr-80,103,-0.016236867
1-Mar-80,104.7,-0.091934085
1-Feb-80,115.3,0.039675383
1-Jan-80,110.9,0.028756957
1-Dec-79,107.8,0.039537126
1-Nov-79,103.7,-0.007655502
1-Oct-79,104.5,-0.037753223
1-Sep-79,108.6,0.011173184
1-Aug-79,107.4,0.045764362
1-Jul-79,102.7,0.009832842
1-Jun-79,101.7,0.019753334
1-May-79,99.73,-0.023212537
1-Apr-79,102.1,0.01998002
1-Mar-79,100.1,0.019036954
1-Feb-79,98.23,-0.014843045
1-Jan-79,99.71,0.03745708
1-Dec-78,96.11,0.014781966
1-Nov-78,94.71,-0.058548708
1-Oct-78,100.6,-0.031761309
1-Sep-78,103.9,0
1-Aug-78,103.9,0.069040025
1-Jul-78,97.19,-0.004812615
1-Jun-78,97.66,0.002566472
1-May-78,97.41,0.050695718
1-Apr-78,92.71,0.043796442
1-Mar-78,88.82,-0.001798157
1-Feb-78,88.98,-0.014072022
1-Jan-78,90.25,-0.038051588
1-Dec-77,93.82,-0.004879084
1-Nov-77,94.28,0.005760614
1-Oct-77,93.74,-0.025875507
1-Sep-77,96.23,-0.015549872
1-Aug-77,97.75,-0.024451098
1-Jul-77,100.2,0.009165072
1-Jun-77,99.29,0.005366545
1-May-77,98.76,-0.002927814
1-Apr-77,99.05,-0.015407555
1-Mar-77,100.6,-0.003960396
1-Feb-77,101,-0.026974952
1-Jan-77,103.8,-0.008595989
1-Dec-76,104.7,0.03458498
1-Nov-76,101.2,-0.00686948
1-Oct-76,101.9,-0.034123223
1-Sep-76,105.5,0.021297193
1-Aug-76,103.3,-0.008637236
1-Jul-76,104.2,0.023575639
1-Jun-76,101.8,0.005928854
1-May-76,101.2,-0.00686948
1-Apr-76,101.9,0.007912957
1-Mar-76,101.1,0.004970179
1-Feb-76,100.6,0.03861243
1-Jan-76,96.86,0.09199549
1-Dec-75,88.7,-0.015210392
1-Nov-75,90.07,0.016935757
1-Oct-75,88.57,0.046061179
1-Sep-75,84.67,-0.01213394
1-Aug-75,85.71,-0.073305222
1-Jul-75,92.49,0.000974026
1-Jun-75,92.4,0.025527192
1-May-75,90.1,0.063503305
1-Apr-75,84.72,0.011219862
1-Mar-75,83.78,0.045942572
1-Feb-75,80.1,0.103914002
1-Jan-75,72.56,0.081854779
1-Dec-74,67.07,-0.065096181
1-Nov-74,71.74,0.03312212
1-Oct-74,69.44,0.019377569
1-Sep-74,68.12,-0.10403788
1-Aug-74,76.03,-0.041356702
1-Jul-74,79.31,-0.116716784
1-Jun-74,89.79,0.00133824
1-May-74,89.67,-0.030175211
1-Apr-74,92.46,-0.051108374
1-Mar-74,97.44,0.042696629
1-Feb-74,93.45,-0.027676621
1-Jan-74,96.11,0.014032496
1-Dec-73,94.78,-0.070784314
1-Nov-73,102,-0.071038251
1-Oct-73,109.8,0.039772727
1-Sep-73,105.6,0.01734104
1-Aug-73,103.8,-0.018903592
1-Jul-73,105.8,0.009541985
1-Jun-73,104.8,-0.02238806
1-May-73,107.2,-0.028105168
1-Apr-73,110.3,-0.018683274
1-Mar-73,112.4,-0.015761821
1-Feb-73,114.2,-0.035472973
1-Jan-73,118.4,0.007659574
1-Dec-72,117.5,0.020851434
1-Nov-72,115.1,0.050182482
1-Oct-72,109.6,0.001828154
1-Sep-72,109.4,-0.014414414
1-Aug-72,111,0.035447761
1-Jul-72,107.2,-0.007407407
1-Jun-72,108,0.002785515
1-May-72,107.7,-0.010110294
1-Apr-72,108.8,0.010213556
1-Mar-72,107.7,0.023764259
1-Feb-72,105.2,0.01839303
1-Jan-72,103.3,0.041645659
1-Dec-71,99.17,0.068872602
1-Nov-71,92.78,-0.046356254
1-Oct-71,97.29,-0.021227364
1-Sep-71,99.4,0.022213081
1-Aug-71,97.24,-0.017777778
1-Jul-71,99,-0.007220217
1-Jun-71,99.72,-0.018503937
1-May-71,101.6,-0.013592233
1-Apr-71,103,0.034136546
1-Mar-71,99.6,0.025641026
1-Feb-71,97.11,0.038720719
1-Jan-71,93.49,0.038200999
1-Dec-70,90.05,0.068462269
1-Nov-70,84.28,-0.00106673
1-Oct-70,84.37,0.021675951
1-Sep-70,82.58,0.059804928
1-Aug-70,77.92,0.029054411
1-Jul-70,75.72,0.001719804
1-Jun-70,75.59,-0.006179332
1-May-70,76.06,-0.115066899
1-Apr-70,85.95,-0.030456853
1-Mar-70,88.65,0.017094998
1-Feb-70,87.16,-0.034879858
1-Jan-70,90.31,-0.008780595
1-Dec-69,91.11,-0.053009043
1-Nov-69,96.21,0.007223618
1-Oct-69,95.52,0.0106867
1-Sep-69,94.51,0.003503929
1-Aug-69,94.18,-0.00559603
1-Jul-69,94.71,-0.044684285
1-Jun-69,99.14,-0.052198853
1-May-69,104.6,0.032576505
1-Apr-69,101.3,0.020140987
1-Mar-69,99.3,-0.021674877
1-Feb-69,101.5,-0.004901961
1-Jan-69,102,-0.042253521
1-Dec-68,106.5,0.010436433
1-Nov-68,105.4,0.015414258
1-Oct-68,103.8,0.024679171
1-Sep-68,101.3,0.032514525
1-Aug-68,98.11,-0.021834497
1-Jul-68,100.3,-0.00199005
1-Jun-68,100.5,0.026872382
1-May-68,97.87,0.022995714
1-Apr-68,95.67,0.073857897
1-Mar-68,89.09,-0.018292011
1-Feb-68,90.75,-0.045138889
1-Jan-68,95.04,-0.002728227
1-Dec-67,95.3,0.028491258
1-Nov-67,92.66,-0.03136107
1-Oct-67,95.66,-0.001565599
1-Sep-67,95.81,0.013969732
1-Aug-67,94.49,0.015912267
1-Jul-67,93.01,0.01728098
1-Jun-67,91.43,-0.012528351
1-May-67,92.59,0.017919965
1-Apr-67,90.96,0.017222098
1-Mar-67,89.42,0.023580586
1-Feb-67,87.36,0.034458259
1-Jan-67,84.45,0.038362228
1-Dec-66,81.33,0.004198049
1-Nov-66,80.99,0.050045378
1-Oct-66,77.13,-0.008739237
1-Sep-66,77.81,-0.035213887
1-Aug-66,80.65,-0.060461323
1-Jul-66,85.84,-0.002556356
1-Jun-66,86.06,-0.008296843
1-May-66,86.78,-0.052620087
1-Apr-66,91.6,0.03060306
1-Mar-66,88.88,-0.041104758
1-Feb-66,92.69,-0.006750964
1-Jan-66,93.32,0.017333479
1-Dec-65,91.73,-0.004557786
1-Nov-65,92.15,0.008316008
1-Oct-65,91.39,0.022488252
1-Sep-65,89.38,0.033414268
1-Aug-65,86.49,0.018607938
1-Jul-65,84.91,-0.001528692
1-Jun-65,85.04,-0.047491039
1-May-65,89.28,0.01489144
1-Apr-65,87.97,0.013129103
1-Mar-65,86.83,0.00092219
1-Feb-65,86.75,0.007315374
1-Jan-65,86.12,0.025726536
1-Dec-64,83.96,-0.017322097
1-Nov-64,85.44,0.006953447
1-Oct-64,84.85,0.017264117
1-Sep-64,83.41,0.017195122
1-Aug-64,82,-0.014659938
1-Jul-64,83.22,0.037138584
1-Jun-64,80.24,-0.005946482
1-May-64,80.72,0.009757318
1-Apr-64,79.94,0.014467005
1-Mar-64,78.8,0.018219408
1-Feb-64,77.39,0.012295618
1-Jan-64,76.45,0.030740191
1-Dec-63,74.17,0.021343982
1-Nov-63,72.62,-0.005614131
1-Oct-63,73.03,0.00247083
1-Sep-63,72.85,0.026345449
1-Aug-63,70.98,0.027653106
1-Jul-63,69.07,-0.014833833
1-Jun-63,70.11,-0.000427716
1-May-63,70.14,0.020069808
1-Apr-63,68.76,0.047053449
1-Mar-63,65.67,-0.003792476
1-Feb-63,65.92,0.013218567
1-Jan-63,65.06,0.038633461
1-Dec-62,62.64,0.043304464
1-Nov-62,60.04,0.068897988
1-Oct-62,56.17,-0.031551724
1-Sep-62,58,-0.008885851
1-Aug-62,58.52,0.027207302
1-Jul-62,56.97,0.024087722
1-Jun-62,55.63,-0.116843943
1-May-62,62.99,-0.07435709
1-Apr-62,68.05,-0.031867976
1-Mar-62,70.29,0.000996867
1-Feb-62,70.22,0.016649776
1-Jan-62,69.07,-0.037217731
1-Dec-61,71.74,0.009285312
1-Nov-61,71.08,0.045294118
1-Oct-61,68,0.011002081
1-Sep-61,67.26,-0.007818262
1-Aug-61,67.79,0.035910758
1-Jul-61,65.44,-0.002743066
1-Jun-61,65.62,-0.013233083
1-May-61,66.5,0.010177731
1-Apr-61,65.83,0.026668746
1-Mar-61,64.12,0.03136561
1-Feb-61,62.17,0.041024782
1-Jan-61,59.72,0.051408451
1-Dec-60,56.8,0.023976924
1-Nov-60,55.47,0.032384143
1-Oct-60,53.73,-0.019704433
1-Sep-60,54.81,-0.030083171
1-Aug-60,56.51,0.011998567
1-Jul-60,55.84,-0.024799162
1-Jun-60,57.26,0.036943137
1-May-60,55.22,-0.009151265
1-Apr-60,55.73,0.012904398
1-Mar-60,55.02,-0.013624955
1-Feb-60,55.78,-0.038773048
1-Jan-60,58.03,-0.017439892
1-Dec-59,59.06,0.031976236
1-Nov-59,57.23,0.004035088
1-Oct-59,57,-0.000876424
1-Sep-59,57.05,-0.03956229
1-Aug-59,59.4,-0.005691329
1-Jul-59,59.74,0.039679777
1-Jun-59,57.46,-0.008626639
1-May-59,57.96,0.015061296
1-Apr-59,57.1,0.016737892
1-Mar-59,56.16,0.025378857
1-Feb-59,54.77,-0.015282273
1-Jan-59,55.62,0.039820527
1-Dec-58,53.49,0.018857143
1-Nov-58,52.5,0.030421982
1-Oct-58,50.95,0.040645425
1-Sep-58,48.96,0.026415094
1-Aug-58,47.7,0.037407569
1-Jul-58,45.98,0.027486034
1-Jun-58,44.75,0.02402746
1-May-58,43.7,0.032120926
1-Apr-58,42.34,0.005461886
1-Mar-58,42.11,0.020601066
1-Feb-58,41.26,0.003404669
1-Jan-58,41.12,0.019588396
1-Dec-57,40.33,-0.000495663
1-Nov-57,40.35,-0.021580989
1-Oct-57,41.24,-0.062301046
1-Sep-57,43.98,-0.040575916
1-Aug-57,45.84,-0.055040198
1-Jul-57,48.51,0.020189274
1-Jun-57,47.55,0.016460026
1-May-57,46.78,0.038401776
1-Apr-57,45.05,0.023166023
1-Mar-57,44.03,0.012882448
1-Feb-57,43.47,-0.043143297
1-Jan-57,45.43,-0.021748493
1-Dec-56,46.44,0.01486014
1-Nov-56,45.76,-0.010380623
1-Oct-56,46.24,-0.012809564
1-Sep-56,46.84,-0.034027635
1-Aug-56,48.49,-0.005945059
1-Jul-56,48.78,0.054246812
1-Jun-56,46.27,-0.005801461
1-May-56,46.54,-0.031425598
1-Apr-56,48.05,0.011791956
1-Mar-56,47.49,0.068872384
1-Feb-56,44.43,0.006342016
1-Jan-56,44.15,-0.026890015
1-Dec-55,45.37,0.009343715
1-Nov-55,44.95,0.067442413
1-Oct-55,42.11,-0.050293189
1-Sep-55,44.34,0.045015319
1-Aug-55,42.43,-0.006090419
1-Jul-55,42.69,0.073152338
1-Jun-55,39.78,0.057978723
1-May-55,37.6,-0.004237288
1-Apr-55,37.76,0.034520548
1-Mar-55,36.5,-0.007882577
1-Feb-55,36.79,0.033426966
1-Jan-55,35.6,0.018015442
1-Dec-54,34.97,0.045753589
1-Nov-54,33.44,0.039154755
1-Oct-54,32.18,0.023211447
1-Sep-54,31.45,0.023429873
1-Aug-54,30.73,0.019913707
1-Jul-54,30.13,0.040400552
1-Jun-54,28.96,0.008005569
1-May-54,28.73,0.039811799
1-Apr-54,27.63,0.039894618
1-Mar-54,26.57,0.021137586
1-Feb-54,26.02,0.021995287
1-Jan-54,25.46,0.025372533
1-Dec-53,24.83,0.013469388
1-Nov-53,24.5,0.022110972
1-Oct-53,23.97,0.03008165
1-Sep-53,23.27,-0.045920459
1-Aug-53,24.39,0.004116921
1-Jul-53,24.29,0.014196242
1-Jun-53,23.95,-0.035829308
1-May-53,24.84,0.005261028
1-Apr-53,24.71,-0.049249711
1-Mar-53,25.99,0.005027069
1-Feb-53,25.86,-0.012223071
1-Jan-53,26.18,0.005376344
1-Dec-52,26.04,0.040351578
1-Nov-52,25.03,0.031739489
1-Oct-52,24.26,-0.020984665
1-Sep-52,24.78,-0.015885624
1-Aug-52,25.18,0.003987241
1-Jul-52,25.08,0.028712059
1-Jun-52,24.38,0.027391488
1-May-52,23.73,-0.00042123
1-Apr-52,23.74,-0.002939941
1-Mar-52,23.81,0.002526316
1-Feb-52,23.75,-0.018189334
1-Jan-52,24.19,0.033319094
1-Dec-51,23.41,0.030823426
1-Nov-51,22.71,-0.027825342
1-Oct-51,23.36,-0.005110733
1-Sep-51,23.48,0.025775448
1-Aug-51,22.89,0.04377565
1-Jul-51,21.93,0.017633411
1-Jun-51,21.55,-0.017327861
1-May-51,21.93,0.000456204
1-Apr-51,21.92,0.013407305
1-Mar-51,21.63,-0.016818182
1-Feb-51,22,0.037246582
1-Jan-51,21.21,0.073924051
1-Dec-50,19.75,-0.004034291
1-Nov-50,19.83,-0.002013085
1-Oct-50,19.87,0.041404612
1-Sep-50,19.08,0.035268584
1-Aug-50,18.43,0.060414269
1-Jul-50,17.38,-0.072572038
1-Jun-50,18.74,0.01626898
1-May-50,18.44,0.033632287
1-Apr-50,17.84,0.028242075
1-Mar-50,17.35,0.008134805
1-Feb-50,17.21,0.019549763
1-Jan-50,16.88,0.020556227
1-Dec-49,16.54,0.026691496
1-Nov-49,16.11,0.013845186
1-Oct-49,15.89,0.025823112
1-Sep-49,15.49,0.013080445
1-Aug-49,15.29,0.035907859
1-Jul-49,14.76,0.056549749
1-Jun-49,13.97,-0.054803789
1-May-49,14.78,-0.007387508
1-Apr-49,14.89,-0.001341382
1-Mar-49,14.91,0.009478673
1-Feb-49,14.77,-0.038411458
1-Jan-49,15.36,0.011191573
1-Dec-48,15.19,-0.006540222
1-Nov-48,15.29,-0.05558987
1-Oct-48,16.19,0.027284264
1-Sep-48,15.76,-0.011292346
1-Aug-48,15.94,-0.029232643
1-Jul-48,16.42,-0.023781213
1-Jun-48,16.82,0.041486068
1-May-48,16.15,0.048701299
1-Apr-48,15.4,0.076923077
1-Mar-48,14.3,0.014184397
1-Feb-48,14.1,-0.049224545
1-Jan-48,14.83,-0.01330672
1-Dec-47,15.03,-0.015717092
1-Nov-47,15.27,-0.011650485
1-Oct-47,15.45,0.025896414
1-Sep-47,15.06,-0.025873221
1-Aug-47,15.46,-0.019657578
1-Jul-47,15.77,0.062668464
1-Jun-47,14.84,0.034867503
1-May-47,14.34,-0.017808219
1-Apr-47,14.6,-0.036939314
1-Mar-47,15.16,-0.040506329
1-Feb-47,15.8,0.03879027
1-Jan-47,15.21,0.005287508
1-Dec-46,15.13,0.029952349
1-Nov-46,14.69,-0.004067797
1-Oct-46,14.75,-0.022531478
1-Sep-46,15.09,-0.147457627
1-Aug-46,17.7,-0.019390582
1-Jul-46,18.05,-0.028525296
1-Jun-46,18.58,-0.006417112
1-May-46,18.7,0.002143623
1-Apr-46,18.66,0.064460924
1-Mar-46,17.53,-0.029883785
1-Feb-46,18.07,0.002774695
1-Jan-46,18.02,0.039815349
1-Dec-45,17.33,0.017018779
1-Nov-45,17.04,0.032727273
1-Oct-45,16.5,0.041666667
1-Sep-45,15.84,0.068105192
1-Aug-45,14.83,0.00338295
1-Jul-45,14.78,-0.020543406
1-Jun-45,15.09,0.018218623
1-May-45,14.82,0.037815126
1-Apr-45,14.28,0.025125628
1-Mar-45,13.93,-0.00071736
1-Feb-45,13.94,0.033358043
1-Jan-45,13.49,0.029770992
1-Dec-44,13.1,0.021840874
1-Nov-44,12.82,-0.00697134
1-Oct-44,12.91,0.024603175
1-Sep-44,12.6,-0.016393443
1-Aug-44,12.81,-0.014615385
1-Jul-44,13,0.026045777
1-Jun-44,12.67,0.047107438
1-May-44,12.1,0.017661901
1-Apr-44,11.89,-0.017355372
1-Mar-44,12.1,0.028037383
1-Feb-44,11.77,-0.006751055
1-Jan-44,11.85,0.032229965
1-Dec-43,11.48,0.013239188
1-Nov-43,11.33,-0.046296296
1-Oct-43,11.88,-0.009174312
1-Sep-43,11.99,0.021294719
1-Aug-43,11.74,-0.049392713
1-Jul-43,12.35,0.020661157
1-Jun-43,12.1,0.017661901
1-May-43,11.89,0.039335664
1-Apr-43,11.44,0.033423668
1-Mar-43,11.07,0.03554724
1-Feb-43,10.69,0.059464817
1-Jan-43,10.09,0.05987395
1-Dec-42,9.52,0.005279831
1-Nov-42,9.47,0.016094421
1-Oct-42,9.32,0.073732719
1-Sep-42,8.68,0.010477299
1-Aug-42,8.59,-0.005787037
1-Jul-42,8.64,0.037214886
1-Jun-42,8.33,0.050441362
1-May-42,7.93,0.011479592
1-Apr-42,7.84,-0.041564792
1-Mar-42,8.18,-0.05433526
1-Feb-42,8.65,-0.031354983
1-Jan-42,8.93,0.019406393
1-Dec-41,8.76,-0.065101387
1-Nov-41,9.37,-0.046795524
1-Oct-41,9.83,-0.040039063
1-Sep-41,10.24,0.002938296
1-Aug-41,10.21,-0.004873294
1-Jul-41,10.26,0.051229508
1-Jun-41,9.76,0.034994698
1-May-41,9.43,-0.021784232
1-Apr-41,9.64,-0.031155779
1-Mar-41,9.95,0.006066734
1-Feb-41,9.89,-0.062559242
1-Jan-41,10.55,0.001899335
1-Dec-40,10.53,-0.040983607
1-Nov-40,10.98,0.023299161
1-Oct-40,10.73,0.009407338
1-Sep-40,10.63,0.042156863
1-Aug-40,10.2,0.021021021
1-Jul-40,9.99,0.033092037
1-Jun-40,9.67,-0.086011342
1-May-40,10.58,-0.137734311
1-Apr-40,12.27,0.009876543
1-Mar-40,12.15,-0.005728314
1-Feb-40,12.22,-0.006504065
1-Jan-40,12.3,-0.005658852
1-Dec-39,12.37,-0.023677979
1-Nov-39,12.67,-0.017829457
1-Oct-39,12.9,0.01018011
1-Sep-39,12.77,0.106585789
1-Aug-39,11.54,-0.014517506
1-Jul-39,11.71,0.024496938
1-Jun-39,11.43,0.017809439
1-May-39,11.23,0.036934441
1-Apr-39,10.83,-0.12590799
1-Mar-39,12.39,-0.000806452
1-Feb-39,12.4,-0.008
1-Jan-39,12.5,-0.014972419
1-Dec-38,12.69,-0.029074216
1-Nov-38,13.07,0.000765697
1-Oct-38,13.06,0.111489362
1-Sep-38,11.75,-0.04549147
1-Aug-38,12.31,0.005718954
1-Jul-38,12.24,0.198824682
1-Jun-38,10.21,0.023046092
1-May-38,9.98,0.009100101
1-Apr-38,9.89,-0.040737148
1-Mar-38,10.31,-0.066123188
1-Feb-38,11.04,-0.023872679
1-Jan-38,11.31,0.026315789
1-Dec-37,11.02,-0.016071429
1-Nov-37,11.2,-0.087947883
1-Oct-37,12.28,-0.145441893
1-Sep-37,14.37,-0.141577061
1-Aug-37,16.74,0.010259505
1-Jul-37,16.57,0.059462916
1-Jun-37,15.64,-0.037538462
1-May-37,16.25,-0.0446796
1-Apr-37,17.01,-0.059701493
1-Mar-37,18.09,-0.001104362
1-Feb-37,18.11,0.029562251
1-Jan-37,17.59,0.031066823
1-Dec-36,17.06,-0.017281106
1-Nov-36,17.36,0.027827117
1-Oct-36,16.89,0.052336449
1-Sep-36,16.05,0.011342155
1-Aug-36,15.87,0.019922879
1-Jul-36,15.56,0.059223962
1-Jun-36,14.69,0.042583392
1-May-36,14.09,-0.053091398
1-Apr-36,14.88,0.001345895
1-Mar-36,14.86,0.021305842
1-Feb-36,14.55,0.057412791
1-Jan-36,13.76,0.055214724
1-Dec-35,13.04,0
1-Nov-35,13.04,0.093959732
1-Oct-35,11.92,0.02670112
1-Sep-35,11.61,0.021108179
1-Aug-35,11.37,0.067605634
1-Jul-35,10.65,0.052371542
1-Jun-35,10.12,0.037948718
1-May-35,9.75,0.078539823
1-Apr-35,9.04,0.07491082
1-Mar-35,8.41,-0.063474388
1-Feb-35,8.98,-0.030237581
1-Jan-35,9.26,0
1-Dec-34,9.26,0.006521739
1-Nov-34,9.2,0.027932961
1-Oct-34,8.95,0.007882883
1-Sep-34,8.88,-0.024175824
1-Aug-34,9.1,-0.03907075
1-Jul-34,9.47,-0.047283702
1-Jun-34,9.94,0.013251784
1-May-34,9.81,-0.101648352
1-Apr-34,10.92,0.016759777
1-Mar-34,10.74,-0.051236749
1-Feb-34,11.32,0.074003795
1-Jan-34,10.54,0.057171515
1-Dec-33,9.97,0.019427403
1-Nov-33,9.78,0.02408377
1-Oct-33,9.55,-0.097353497
1-Sep-33,10.58,-0.008434864
1-Aug-33,10.67,-0.049866429
1-Jul-33,11.23,0.080846968
1-Jun-33,10.39,0.171364149
1-May-33,8.87,0.287373004
1-Apr-33,6.89,0.105939005
1-Mar-33,6.23,-0.0032
1-Feb-33,6.25,-0.118476728
1-Jan-33,7.09,0.039589443
1-Dec-32,6.82,-0.032624113
1-Nov-32,7.05,-0.009831461
1-Oct-32,7.12,-0.138014528
1-Sep-32,8.26,0.096945551
1-Aug-32,7.53,0.502994012
1-Jul-32,5.01,0.050314465
1-Jun-32,4.77,-0.13430127
1-May-32,5.51,-0.122611465
1-Apr-32,6.28,-0.239709443
1-Mar-32,8.26,0.0036452
1-Feb-32,8.23,-0.008433735
1-Jan-32,8.3,-0.016587678
1-Dec-31,8.44,-0.187680462
1-Nov-31,10.39,0.013658537
1-Oct-31,10.25,-0.133558749
1-Sep-31,11.83,-0.148920863
1-Aug-31,13.9,-0.030006978
1-Jul-31,14.33,0.033165105
1-Jun-31,13.87,-0.032100488
1-May-31,14.33,-0.096469105
1-Apr-31,15.86,-0.09526526
1-Mar-31,17.53,0.019186047
1-Feb-31,17.2,0.076345432
1-Jan-31,15.98,0.03030303
1-Dec-30,15.51,-0.066787004
1-Nov-30,16.62,-0.072544643
1-Oct-30,17.92,-0.137632339
1-Sep-30,20.78,-0.000481
1-Aug-30,20.79,-0.012820513
1-Jul-30,21.06,-0.021375465
1-Jun-30,21.52,-0.101086048
1-May-30,23.94,-0.059701493
1-Apr-30,25.46,0.063492063
1-Mar-30,23.94,0.037711313
1-Feb-30,23.07,0.062643943
1-Jan-30,21.71,0.014485981
1-Dec-29,21.4,0.039844509
1-Nov-29,20.58,-0.264737406
1-Oct-29,27.99,-0.105750799
1-Sep-29,31.3,0.03986711
1-Aug-29,30.1,0.056882022
1-Jul-29,28.48,0.089101338
1-Jun-29,26.15,0.019095869
1-May-29,25.66,0.015031646
1-Apr-29,25.28,-0.005898545
1-Mar-29,25.43,0.017607043
1-Feb-29,24.99,0.005229284
1-Jan-29,24.86,0.073866091
1-Dec-28,23.15,0.003902862
1-Nov-28,23.06,0.067592593
1-Oct-28,21.6,0.020311762
1-Sep-28,21.17,0.070273003
1-Aug-28,19.78,0.032359081
1-Jul-28,19.16,0.007360673
1-Jun-28,19.02,-0.049
1-May-28,20,0.030927835
1-Apr-28,19.4,0.063013699
1-Mar-28,18.25,0.05369515
1-Feb-28,17.32,-0.011979464
1-Jan-28,17.53,0.004009164
1-Dec-27,17.46,0.023446659
1-Nov-27,17.06,0.022781775
1-Oct-27,16.68,-0.015348288
1-Sep-27,16.94,0.056768559
1-Aug-27,16.03,0.053219448
1-Jul-27,15.22,0.022162525
1-Jun-27,14.89,0.01292517
1-May-27,14.7,0.034482759
1-Apr-27,14.21,0.024513338
1-Mar-27,13.87,0.015373353
1-Feb-27,13.66,0.019402985
1-Jan-27,13.4,-0.006671609
1-Dec-26,13.49,0.022744503
1-Nov-26,13.19,0.013056836
1-Oct-26,13.02,-0.022522523
1-Sep-26,13.32,0.015243902
1-Aug-26,13.12,0.039619651
1-Jul-26,12.62,0.042113955
1-Jun-26,12.11,0.047577855
1-May-26,11.56,0.006968641
1-Apr-26,11.48,-0.027942422
1-Mar-26,11.81,-0.067876875
1-Feb-26,12.67,0.001581028
1-Jan-26,12.65,0.015248796
1-Dec-25,12.46,0.016313214
1-Nov-25,12.26,0.031118587
1-Oct-25,11.89,0.03301477
1-Sep-25,11.51,0.023111111
1-Aug-25,11.25,0.013513514
1-Jul-25,11.1,0.027777778
1-Jun-25,10.8,0.017907634
1-May-25,10.61,0.032101167
1-Apr-25,10.28,-0.010587103
1-Mar-25,10.39,-0.026241799
1-Feb-25,10.67,0.008506616
1-Jan-25,10.58,0.041338583
1-Dec-24,10.16,0.053941909
1-Nov-24,9.64,0.055859803
1-Oct-24,9.13,-0.012972973
1-Sep-24,9.25,-0.009635974
1-Aug-24,9.34,0.034330011
1-Jul-24,9.03,0.046349942
1-Jun-24,8.63,0.018890201
1-May-24,8.47,-0.003529412
1-Apr-24,8.5,-0.022988506
1-Mar-24,8.7,-0.019165727
1-Feb-24,8.87,0.004530011
1-Jan-24,8.83,0.032748538
1-Dec-23,8.55,0.033857316
1-Nov-23,8.27,0.02988792
1-Oct-23,8.03,-0.014723926
1-Sep-23,8.15,0.00617284
1-Aug-23,8.1,0.004962779
1-Jul-23,8.06,-0.033573141
1-Jun-23,8.34,-0.038062284
1-May-23,8.67,-0.047252747
1-Apr-23,9.1,-0.034994698
1-Mar-23,9.43,0.016163793
1-Feb-23,9.28,0.042696629
1-Jan-23,8.9,0.013667426
1-Dec-22,8.78,-0.002272727
1-Nov-22,8.8,-0.049676026
1-Oct-22,9.26,0.022075055
1-Sep-22,9.06,0.026047565
1-Aug-22,8.83,0.03760282
1-Jul-22,8.51,0.007100592
1-Jun-22,8.45,-0.009378664
1-May-22,8.53,0.038976857
1-Apr-22,8.21,0.060723514
1-Mar-22,7.74,0.037533512
1-Feb-22,7.46,0.021917808
1-Jan-22,7.3,-0.001367989
1-Dec-21,7.31,0.035410765
1-Nov-21,7.06,0.053731343
1-Oct-21,6.7,0.013615734
1-Sep-21,6.61,0.024806202
1-Aug-21,6.45,-0.012251149
1-Jul-21,6.53,-0.003053435
1-Jun-21,6.55,-0.08005618
1-May-21,7.12,0.030390738
1-Apr-21,6.91,0.004360465
1-Mar-21,6.88,-0.025495751
1-Feb-21,7.06,-0.007032349
1-Jan-21,7.11,0.044052863
1-Dec-20,6.81,-0.089572193
1-Nov-20,7.48,-0.050761421
1-Oct-20,7.88,0.001270648
1-Sep-20,7.87,0.035526316
1-Aug-20,7.6,-0.039190898
1-Jul-20,7.91,-0.001262626
1-Jun-20,7.92,-0.017369727
1-May-20,8.06,-0.062790698
1-Apr-20,8.6,-0.008073818
1-Mar-20,8.67,0.07037037
1-Feb-20,8.1,-0.082672707
1-Jan-20,8.83,-0.010089686
1-Dec-19,8.92,-0.029379761
1-Nov-19,9.19,-0.029567054
1-Oct-19,9.47,0.051054384
1-Sep-19,9.01,0.01578354
1-Aug-19,8.87,-0.067297581
1-Jul-19,9.51,0.03257329
1-Jun-19,9.21,0.026755853
1-May-19,8.97,0.069129917
1-Apr-19,8.39,0.033251232
1-Mar-19,8.12,0.030456853
1-Feb-19,7.88,0.003821656
1-Jan-19,7.85,-0.006329114
1-Dec-18,7.9,-0.019851117
1-Nov-18,8.06,0.025445293
1-Oct-18,7.86,0.042440318
1-Sep-18,7.54,-0.005277045
1-Aug-18,7.58,0.009320905
1-Jul-18,7.51,0.008053691
1-Jun-18,7.45,0.001344086
1-May-18,7.44,0.031900139
1-Apr-18,7.21,-0.009615385
1-Mar-18,7.28,-0.020188425
1-Feb-18,7.43,0.030513176
1-Jan-18,7.21,0.060294118
1-Dec-17,6.8,-0.034090909
1-Nov-17,7.04,-0.083333333
1-Oct-17,7.68,-0.054187192
1-Sep-17,8.12,-0.048065651
1-Aug-17,8.53,-0.029579067
1-Jul-17,8.79,-0.027654867
1-Jun-17,9.04,0.020316027
1-May-17,8.86,-0.033805889
1-Apr-17,9.17,-0.015037594
1-Mar-17,9.31,0.031007752
1-Feb-17,9.03,-0.056426332
1-Jan-17,9.57,-0.023469388
1-Dec-16,9.8,-0.040156709
1-Nov-16,10.21,0.023046092
1-Oct-16,9.98,0.030991736
1-Sep-16,9.68,0.040860215
1-Aug-16,9.3,0.007583965
1-Jul-16,9.23,-0.013888889
1-Jun-16,9.36,0.009708738
1-May-16,9.27,0.022050717
1-Apr-16,9.07,-0.010905125
1-Mar-16,9.17,-0.00326087
1-Feb-16,9.2,-0.013933548
1-Jan-16,9.33,-0.015822785
1-Dec-15,9.48,0.002114165
1-Nov-15,9.46,0.035010941
1-Oct-15,9.14,0.055427252
1-Sep-15,8.66,0.037125749
1-Aug-15,8.35,0.042446941
1-Jul-15,8.01,-0.003731343
1-Jun-15,8.04,0.011320755
1-May-15,7.95,-0.023341523
1-Apr-15,8.14,0.075297226
1-Mar-15,7.57,0.025745257
1-Feb-15,7.38,-0.013368984
1-Jan-15,7.48,0.017687075
1-Dec-14,7.35,-0.04296875
1-Nov-14,7.68,0
1-Oct-14,7.68,0
1-Sep-14,7.68,0
1-Aug-14,7.68,0
1-Jul-14,7.68,-0.055350554
1-Jun-14,8.13,-0.004895961
1-May-14,8.17,0.006157635
1-Apr-14,8.12,-0.024038462
1-Mar-14,8.32,-0.018867925
1-Feb-14,8.48,0.013142174
1-Jan-14,8.37,0.041044776
1-Dec-13,8.04,-0.001242236
1-Nov-13,8.05,-0.025423729
1-Oct-13,8.26,-0.031652989
1-Sep-13,8.53,0.009467456
1-Aug-13,8.45,0.02673147
1-Jul-13,8.23,0.013546798
1-Jun-13,8.12,-0.050292398
1-May-13,8.55,-0.027303754
1-Apr-13,8.79,-0.001136364
1-Mar-13,8.8,-0.018952062
1-Feb-13,8.97,-0.035483871
1-Jan-13,9.3,-0.008528785
1-Dec-12,9.38,-0.035971223
1-Nov-12,9.73,-0.011178862
1-Oct-12,9.84,-0.002028398
1-Sep-12,9.86,0.00509684
1-Aug-12,9.81,0.022940563
1-Jul-12,9.59,0.001043841
1-Jun-12,9.58,0
1-May-12,9.58,-0.001042753
1-Apr-12,9.59,0.031182796
1-Mar-12,9.3,0.028761062
1-Feb-12,9.04,-0.00877193
1-Jan-12,9.12,0.001097695
1-Dec-11,9.11,0.004410143
1-Nov-11,9.07,0.040137615
1-Oct-11,8.72,0.005767013
1-Sep-11,8.67,-0.054525627
1-Aug-11,9.17,-0.047767394
1-Jul-11,9.63,-0.004136505
1-Jun-11,9.67,0.020042194
1-May-11,9.48,0.021551724
1-Apr-11,9.28,-0.004291845
1-Mar-11,9.32,-0.011664899
1-Feb-11,9.43,0.017259978
1-Jan-11,9.27,0.024309392
1-Dec-10,9.05,-0.02792696
1-Nov-10,9.31,-0.001072961
1-Oct-10,9.32,0.046015713
1-Sep-10,8.91,0.006779661
1-Aug-10,8.85,0.024305556
1-Jul-10,8.64,-0.050549451
1-Jun-10,9.1,-0.048117155
1-May-10,9.56,-0.016460905
1-Apr-10,9.72,-0.024096386
1-Mar-10,9.96,0.024691358
1-Feb-10,9.72,-0.035714286
1-Jan-10,10.08,-0.021359223
1-Dec-09,10.3,0.011787819
1-Nov-09,10.18,-0.004887586
1-Oct-09,10.23,0.003925417
1-Sep-09,10.19,0.000982318
1-Aug-09,10.18,0.024144869
1-Jul-09,9.94,0.014285714
1-Jun-09,9.8,0.017653167
1-May-09,9.63,0.033261803
1-Apr-09,9.32,0.044843049
1-Mar-09,8.92,0.013636364
1-Feb-09,8.8,-0.028697572
1-Jan-09,9.06,0.003322259
1-Dec-08,9.03,0.022650057
1-Nov-08,8.83,0.067714631
1-Oct-08,8.27,0.012239902
1-Sep-08,8.17,-0.010895884
1-Aug-08,8.26,0.042929293
1-Jul-08,7.92,0.036649215
1-Jun-08,7.64,0.001310616
1-May-08,7.63,0.053867403
1-Apr-08,7.24,0.053857351
1-Mar-08,6.87,0.040909091
1-Feb-08,6.6,-0.03649635
1-Jan-08,6.85,0.04261796
1-Dec-07,6.57,0.0512
1-Nov-07,6.25,-0.05873494
1-Oct-07,6.64,-0.108724832
1-Sep-07,7.45,-0.01062417
1-Aug-07,7.53,-0.074938575
1-Jul-07,8.14,0.038265306
1-Jun-07,7.84,-0.032098765
1-May-07,8.1,-0.034564958
1-Apr-07,8.39,0.004790419
1-Mar-07,8.35,-0.098272138
1-Feb-07,9.26,-0.031380753
1-Jan-07,9.56,-0.028455285
1-Dec-06,9.84,-0.009063444
1-Nov-06,9.93,0.020554985
1-Oct-06,9.73,-0.029910269
1-Sep-06,10.03,0.030832477
1-Aug-06,9.73,0.073951435
1-Jul-06,9.06,-0.025806452
1-Jun-06,9.3,0.013071895
1-May-06,9.18,-0.026511135
1-Apr-06,9.43,-0.013598326
1-Mar-06,9.56,-0.024489796
1-Feb-06,9.8,-0.007092199
1-Jan-06,9.87,0.034591195
1-Dec-05,9.54,0.024704619
1-Nov-05,9.31,-0.00534188
1-Oct-05,9.36,0.014084507
1-Sep-05,9.23,0.00326087
1-Aug-05,9.2,0.037204059
1-Jul-05,8.87,0.031395349
1-Jun-05,8.6,0.011764706
1-May-05,8.5,-0.049217002
1-Apr-05,8.94,-0.012154696
1-Mar-05,9.05,0.028409091
1-Feb-05,8.8,0.043890866
1-Jan-05,8.43,0.021818182
1-Dec-04,8.25,0.009791922
1-Nov-04,8.17,0.054193548
1-Oct-04,7.75,0.058743169
1-Sep-04,7.32,0.044222539
1-Aug-04,7.01,0.033923304
1-Jul-04,6.78,0.041474654
1-Jun-04,6.51,0.001538462
1-May-04,6.5,-0.021084337
1-Apr-04,6.64,0.024691358
1-Mar-04,6.48,-0.003076923
1-Feb-04,6.5,-0.026946108
